{"positive":{"California":93.75,"Carolina":93.8888888889,"Colorado":89.6551724138,"Columbia":90.1840490798,"Connecticut":100.0,"Dakota":100.0,"Delaware":100.0,"Florida":88.0952380952,"Georgia":88.1720430108,"Hawaii":90.5660377358,"Indiana":96.4285714286,"Iowa":100.0,"Jersey":100.0,"Kentucky":100.0,"Louisiana":80.0,"Maryland":75.0,"Massachusetts":100.0,"Mexico":92.2077922078,"Michigan":100.0,"Minnesota":87.5,"Missouri":80.0,"Nevada":100.0,"Ohio":88.8888888889,"Oklahoma":90.0,"Oregon":100.0,"Tennessee":92.6174496644,"Texas":93.2642487047,"Utah":96.4285714286,"Virginia":94.4444444444,"Washington":75.0,"York":100.0},"negative":{"California":6.25,"Carolina":6.1111111111,"Colorado":10.3448275862,"Columbia":9.8159509202,"Connecticut":0.0,"Dakota":0.0,"Delaware":0.0,"Florida":11.9047619048,"Georgia":11.8279569892,"Hawaii":9.4339622642,"Indiana":3.5714285714,"Iowa":0.0,"Jersey":0.0,"Kentucky":0.0,"Louisiana":20.0,"Maryland":25.0,"Massachusetts":0.0,"Mexico":7.7922077922,"Michigan":0.0,"Minnesota":12.5,"Missouri":20.0,"Nevada":0.0,"Ohio":11.1111111111,"Oklahoma":10.0,"Oregon":0.0,"Tennessee":7.3825503356,"Texas":6.7357512953,"Utah":3.5714285714,"Virginia":5.5555555556,"Washington":25.0,"York":0.0},"total":{"California":16,"Carolina":180,"Colorado":174,"Columbia":163,"Connecticut":2,"Dakota":6,"Delaware":2,"Florida":84,"Georgia":93,"Hawaii":106,"Indiana":28,"Iowa":3,"Jersey":1,"Kentucky":3,"Louisiana":5,"Maryland":8,"Massachusetts":7,"Mexico":77,"Michigan":1,"Minnesota":8,"Missouri":5,"Nevada":1,"Ohio":9,"Oklahoma":10,"Oregon":1,"Tennessee":149,"Texas":193,"Utah":28,"Virginia":36,"Washington":4,"York":27}}