{"Sentiment_value":{"Apr":57.2351893939,"Aug":27.3456818182,"Dec":59.1890924552,"Feb":68.3273009861,"Jan":86.9350546537,"Jul":32.2683017677,"Jun":56.0932765152,"Mar":60.6988455988,"May":36.2097979798,"Nov":82.9133423521,"Oct":58.7524945887,"Sep":46.5225270563}}